编号,名称,名称,美术编号,科,属,简化种类,玩法定位,价值,水层,栖息环境,钓法,鱼饵,拟饵,重量(kg),长度(cm),模型标准长度(cm),价格（金币）,经验（XP）,鱼类图片1,鱼类图片2,鱼类图片3,3D资源名称,策划负责人,备注
1,红斑太阳鱼（幼年）,小太阳鱼（幼年）fish_redspotted_sunfish,fish_redspotted_sunfish,太阳鱼科,太阳鱼属,太阳鱼,交叉鱼种,收集,全水层,全水域洄游,浮钓,"苍蝇,蚯蚓,玉米,蜂蜜面团,种子,面包,粗粮面包",暂无路亚玩法,数值公式计算,10-12,25,,,,,,,@张弛,
2,红斑太阳鱼（成年）,小太阳鱼（成年）fish_redspotted_sunfish,,太阳鱼科,太阳鱼属,太阳鱼,交叉鱼种,收集,全水层,全水域洄游,浮钓,"苍蝇,蚯蚓,蜂蜜面团,面包,粗粮面包",暂无路亚玩法,数值公式计算,12-40,,,,,,,,@张弛,
3,红斑太阳鱼（奖杯）,小太阳鱼（奖杯）fish_redspotted_sunfish,,太阳鱼科,太阳鱼属,太阳鱼,交叉鱼种,玩乐,全水层,全水域洄游,浮钓,"苍蝇,蚯蚓,玉米,蜂蜜面团,种子",暂无路亚玩法,数值公式计算,40-45,,,,,,,,@张弛,
4,红斑太阳鱼（特殊）,小太阳鱼（特殊）fish_redspotted_sunfish,,太阳鱼科,太阳鱼属,太阳鱼,交叉鱼种,玩乐,全水层,全水域洄游,浮钓,"蜉蝣,红虫,鱼子,虾,小龙虾,螽斯",暂无路亚玩法,数值公式计算,45-50,,,,,,,,@张弛,
5,绿太阳鱼（幼年）,绿太阳鱼（幼年）fish_green_sunfish,fish_green_sunfish,太阳鱼科,太阳鱼属,太阳鱼,交叉鱼种,收集,顶层,"浮木,水面植物,上层结构体",浮钓,"苍蝇,蚯蚓,玉米,蜂蜜面团,种子,面包,粗粮面包",暂无路亚玩法,数值公式计算,10-12,17,20-30,,,,,,@张弛,
6,绿太阳鱼（成年）,绿太阳鱼（成年）fish_green_sunfish,,太阳鱼科,太阳鱼属,太阳鱼,交叉鱼种,收集,顶层,"浮木,水面植物,上层结构体",浮钓,"苍蝇,蚯蚓,蜂蜜面团,面包,粗粮面包",暂无路亚玩法,数值公式计算,12-15,,20-30,,,,,,@张弛,
7,绿太阳鱼（奖杯）,绿太阳鱼（奖杯）fish_green_sunfish,,太阳鱼科,太阳鱼属,太阳鱼,交叉鱼种,玩乐,顶层,"浮木,水面植物,上层结构体",浮钓,"苍蝇,蚯蚓,玉米,蜂蜜面团,种子",暂无路亚玩法,数值公式计算,15-25,,30-40,,,,,,@张弛,
8,绿太阳鱼（特殊）,绿太阳鱼（特殊）fish_green_sunfish,,太阳鱼科,太阳鱼属,太阳鱼,"稀有鱼种,交叉鱼种",经济,顶层,"浮木,水面植物,上层结构体",浮钓,"蜉蝣,红虫,鱼子,虾,小龙虾,螽斯",暂无路亚玩法,数值公式计算,25-35,,30-40,,,,,,@张弛,
9,黑斑刺盖太阳鱼 （幼年）,黑斑刺盖太阳鱼 （幼年）fish_black_crappie,fish_black_crappie,太阳鱼科,刺盖太阳鱼属,太阳鱼,交叉鱼种,玩乐,顶层,"浮木,水面植物,上层结构体",浮钓,"蜉蝣,苍蝇,蚯蚓,玉米,蜂蜜面团,面包,粗粮面包",暂无路亚玩法,数值公式计算,10-15,22,,,,,,,@张弛,
10,黑斑刺盖太阳鱼 （成年）,黑斑刺盖太阳鱼 （成年）fish_black_crappie,,太阳鱼科,刺盖太阳鱼属,太阳鱼,交叉鱼种,经济,顶层,"浮木,水面植物,上层结构体",浮钓,"蜉蝣,苍蝇,蚯蚓,玉米,蜂蜜面团,面包,粗粮面包",暂无路亚玩法,数值公式计算,15-20,,40-60,,,,,,@张弛,
11,黑斑刺盖太阳鱼 （奖杯）,黑斑刺盖太阳鱼 （奖杯）fish_black_crappie,,太阳鱼科,刺盖太阳鱼属,太阳鱼,"稀有鱼种,交叉鱼种",价值,顶层,"浮木,水面植物,上层结构体",浮钓,"蜉蝣,苍蝇,蚯蚓,红虫,玉米,螽斯,小米诺鱼",暂无路亚玩法,数值公式计算,20-35,,40-60,,,,,,@张弛,
12,黑斑刺盖太阳鱼 （特殊）,黑斑刺盖太阳鱼 （特殊）fish_black_crappie,,太阳鱼科,刺盖太阳鱼属,太阳鱼,"稀有鱼种,交叉鱼种",价值,顶层,"浮木,水面植物,上层结构体",浮钓,"蜉蝣,苍蝇,蚯蚓",暂无路亚玩法,数值公式计算,35-45,,,,,,,,@张弛,
13,白斑刺盖太阳鱼（幼年）,白斑刺盖太阳鱼（幼年）fish_white_crappie,fish_white_crappie,日鲈科,刺盖太阳鱼属,太阳鱼,交叉鱼种,玩乐,全水层,全水域洄游,浮钓,"玉米,蜂蜜面团,面包,粗粮面包",暂无路亚玩法,数值公式计算,10-20,26,5-10,,,,,,@张弛,
14,白斑刺盖太阳鱼（成年）,白斑刺盖太阳鱼（成年）fish_white_crappie,,日鲈科,刺盖太阳鱼属,太阳鱼,交叉鱼种,玩乐,全水层,全水域洄游,浮钓,"蜉蝣,苍蝇,蚯蚓,玉米,蜂蜜面团,面包,粗粮面包",暂无路亚玩法,数值公式计算,20-30,,10-15,,,,,,@张弛,
15,白斑刺盖太阳鱼（奖杯）,白斑刺盖太阳鱼（奖杯）fish_white_crappie,,日鲈科,刺盖太阳鱼属,太阳鱼,交叉鱼种,收集,全水层,全水域洄游,浮钓,"蜉蝣,苍蝇,蚯蚓,红虫,鱼子,玉米,螽斯",暂无路亚玩法,数值公式计算,30-40,,10-15,,,,,,@张弛,
16,白斑刺盖太阳鱼（特殊）,白斑刺盖太阳鱼（特殊）fish_white_crappie,,日鲈科,刺盖太阳鱼属,太阳鱼,交叉鱼种,收集,全水层,全水域洄游,浮钓,"蜉蝣,苍蝇,蚯蚓,红虫,玉米,螽斯,小米诺鱼",暂无路亚玩法,数值公式计算,40-53,,10-15,,,,,,@张弛,
17,蓝鳃太阳鱼（幼年）,蓝鳃太阳鱼（幼年）fish_bluegill,fish_bluegill,日鲈科,莓鲈属,太阳鱼,交叉鱼种,玩乐,全水层,全水域洄游,浮钓,"蜉蝣,苍蝇,蚯蚓",暂无路亚玩法,数值公式计算,10-15,15,无参考,,,,,,@张弛,
18,蓝鳃太阳鱼（成年）,蓝鳃太阳鱼（成年）fish_bluegill,,日鲈科,莓鲈属,太阳鱼,交叉鱼种,玩乐,全水层,全水域洄游,浮钓,"蜉蝣,苍蝇,玉米,蜂蜜面团,虾,小龙虾",暂无路亚玩法,数值公式计算,15-20,,无参考,,,,,,@张弛,
19,蓝鳃太阳鱼（奖杯）,蓝鳃太阳鱼（奖杯）fish_bluegill,,日鲈科,莓鲈属,太阳鱼,交叉鱼种,收集,全水层,全水域洄游,浮钓,"玉米,蜂蜜面团,虾,小龙虾,粗粮面包",暂无路亚玩法,数值公式计算,20-25,,无参考,,,,,,@张弛,
20,蓝鳃太阳鱼（特殊）,蓝鳃太阳鱼（特殊）fish_bluegill,,日鲈科,莓鲈属,太阳鱼,交叉鱼种,收集,全水层,全水域洄游,浮钓,"红虫,鱼子,虾,小龙虾,螽斯",暂无路亚玩法,数值公式计算,25-30,,无参考,,,,,,@张弛,
21,小冠太阳鱼（幼年）,小冠太阳鱼（幼年）fish_redear_sunfish,fish_redear_sunfish,太阳鱼科,太阳鱼属,太阳鱼,交叉鱼种,收集,顶层,"浮木,水面植物,上层结构体",浮钓,"蜉蝣,苍蝇,蚯蚓",暂无路亚玩法,数值公式计算,10-20,22,无参考,,,,,,@张弛,
22,小冠太阳鱼（成年）,小冠太阳鱼（成年）fish_redear_sunfish,,太阳鱼科,太阳鱼属,太阳鱼,交叉鱼种,收集,顶层,"浮木,水面植物,上层结构体",浮钓,"蜉蝣,苍蝇,玉米,蜂蜜面团,虾,小龙虾",暂无路亚玩法,数值公式计算,20-30,,无参考,,,,,,@张弛,
23,小冠太阳鱼（奖杯）,小冠太阳鱼（奖杯）fish_redear_sunfish,,太阳鱼科,太阳鱼属,太阳鱼,交叉鱼种,玩乐,顶层,"浮木,水面植物,上层结构体",浮钓,"玉米,蜂蜜面团,虾,小龙虾,粗粮面包",暂无路亚玩法,数值公式计算,30-35,,无参考,,,,,,@张弛,
24,小冠太阳鱼（特殊）,小冠太阳鱼（特殊）fish_redear_sunfish,,太阳鱼科,太阳鱼属,太阳鱼,交叉鱼种,玩乐,顶层,"浮木,水面植物,上层结构体",浮钓,"红虫,鱼子,虾,小龙虾,螽斯",暂无路亚玩法,数值公式计算,35-44,,无参考,,,,,,@张弛,
25,驼背太阳鱼（传奇）,驼背太阳鱼（传奇）fish_pumpkinseed_sunfish,fish_pumpkinseed_sunfish,太阳鱼科,太阳鱼属,太阳鱼,"稀有鱼种,交叉鱼种",价值,全水层,全水域洄游,浮钓,"红虫,鱼子,虾,螽斯",暂无路亚玩法,数值公式计算,40-50,45,,,,,,,@张弛,
26,斑点黑鲈（幼年）,斑点黑鲈（幼年）fish_spotted_bass,fish_spotted_bass,日鲈科,莓鲈属,鲈鱼,主力鱼种,收集,底层,"底层结构体,底层植物",浮钓,"蚯蚓,红虫,虾",暂无路亚玩法,数值公式计算,10-17,25,30-50,,,,,,@张弛,
27,斑点黑鲈（成年）,斑点黑鲈（成年）fish_spotted_bass,,日鲈科,莓鲈属,鲈鱼,主力鱼种,经济,底层,"底层结构体,底层植物",浮钓,"蜉蝣,苍蝇,蚯蚓,红虫,虾",暂无路亚玩法,数值公式计算,17-30,,60-80,,,,,,@张弛,
28,斑点黑鲈（奖杯）,斑点黑鲈（奖杯）fish_spotted_bass,,日鲈科,莓鲈属,鲈鱼,"主力鱼种,稀有鱼种",价值,底层,"底层结构体,底层植物",浮钓,"蜉蝣,苍蝇,虾,小龙虾",暂无路亚玩法,数值公式计算,30-40,,60-80,,,,,,@张弛,
29,斑点黑鲈（特殊）,斑点黑鲈（特殊）fish_spotted_bass,,日鲈科,莓鲈属,鲈鱼,"主力鱼种,稀有鱼种",价值,底层,"底层结构体,底层植物",浮钓,"虾,小龙虾,小米诺鱼",暂无路亚玩法,数值公式计算,40-49,,96,,,,,,@张弛,
30,黄鲈（幼年）,黄金鲈（幼年）,fish_yellow_Perch,鲈科,黄金鲈属,鲈鱼,主力鱼种,收集,中层,全水域洄游,浮钓,"蜉蝣,蚯蚓",暂无路亚玩法,数值公式计算,10-25,30,30-60,,,,,,@张弛,
31,黄鲈（成年）,黄金鲈（成年）,,鲈科,黄金鲈属,鲈鱼,主力鱼种,经济,中层,全水域洄游,浮钓,"蜉蝣,苍蝇,蚯蚓,红虫",暂无路亚玩法,数值公式计算,25-40,,30-60,,,,,,@张弛,
32,黄鲈（奖杯）,黄金鲈（奖杯）,,鲈科,黄金鲈属,鲈鱼,"主力鱼种,稀有鱼种",价值,中层,全水域洄游,浮钓,"蚯蚓,红虫,虾,小龙虾",暂无路亚玩法,数值公式计算,40-50,,？？？,,,,,,@张弛,
33,黄鲈（特殊）,黄金鲈（特殊）,,鲈科,黄金鲈属,鲈鱼,"主力鱼种,稀有鱼种",价值,中层,全水域洄游,浮钓,"虾,小龙虾,螽斯,小米诺鱼",暂无路亚玩法,数值公式计算,50-73.5,,？？？,,,,,,@张弛,
34,大口黑鲈（幼年）,大口黑鲈（幼年）fish_largemouth bass,fish_largemouth bass,棘臀鱼科,黑鲈属,鲈鱼,主力鱼种,收集,全水层,全水域洄游,浮钓,"蜉蝣,蚯蚓,虾",暂无路亚玩法,数值公式计算,10-25,36,30-40,,,,,,@张弛,
35,大口黑鲈（成年）,大口黑鲈（成年）fish_largemouth bass,,棘臀鱼科,黑鲈属,鲈鱼,主力鱼种,玩乐,全水层,全水域洄游,浮钓,"蜉蝣,苍蝇,蚯蚓,红虫,虾",暂无路亚玩法,数值公式计算,25-40,,30-40,,,,,,@张弛,
36,大口黑鲈（奖杯）,大口黑鲈（奖杯）fish_largemouth bass,,棘臀鱼科,黑鲈属,鲈鱼,"主力鱼种,稀有鱼种",经济,全水层,全水域洄游,浮钓,"红虫,虾,小龙虾,小米诺鱼",暂无路亚玩法,数值公式计算,40-50,,50-70,,,,,,@张弛,
37,大口黑鲈（特殊）,大口黑鲈（特殊）fish_largemouth bass,,棘臀鱼科,黑鲈属,鲈鱼,"主力鱼种,稀有鱼种",价值,全水层,全水域洄游,浮钓,"虾,小龙虾,小米诺鱼",暂无路亚玩法,数值公式计算,50-73.5,,50-70,,,,,,@张弛,
38,岩钝鲈（幼年）,岩钝鲈（幼年）fish_rock_bass,fish_rock_bass,日鲈科,钝鲈属,鲈鱼,主力鱼种,收集,底层,底层结构体,浮钓,"苍蝇,蚯蚓",暂无路亚玩法,数值公式计算,10-15,22,无价格,,,,,,@张弛,
39,岩钝鲈（成年）,岩钝鲈（成年）fish_rock_bass,,日鲈科,钝鲈属,鲈鱼,主力鱼种,经济,底层,底层结构体,浮钓,"苍蝇,蚯蚓,红虫",暂无路亚玩法,数值公式计算,15-20,,无价格,,,,,,@张弛,
40,岩钝鲈（奖杯）,岩钝鲈（奖杯）fish_rock_bass,,日鲈科,钝鲈属,鲈鱼,"主力鱼种,稀有鱼种",价值,底层,底层结构体,浮钓,"蚯蚓,红虫,虾,螽斯",暂无路亚玩法,数值公式计算,25-35,,无价格,,,,,,@张弛,
41,岩钝鲈（特殊）,岩钝鲈（特殊）fish_rock_bass,,日鲈科,钝鲈属,鲈鱼,"主力鱼种,稀有鱼种",价值,底层,底层结构体,浮钓,"虾,小龙虾",暂无路亚玩法,数值公式计算,35-43,,无价格,,,,,,@张弛,
42,小口黑鲈 （幼年）,小口黑鲈 （幼年）fish_smallmouth_bass,fish_smallmouth_bass,棘臀鱼科,黑鲈属,鲈鱼,主力鱼种,收集,顶层,"水边草洞/树影,浮木,水面植物",浮钓,"蜉蝣,苍蝇,蚯蚓",暂无路亚玩法,数值公式计算,10-25,30,40-60,,,,,,@张弛,
43,小口黑鲈 （成年）,小口黑鲈 （成年）fish_smallmouth_bass,,棘臀鱼科,黑鲈属,鲈鱼,主力鱼种,玩乐,顶层,"水边草洞/树影,浮木,水面植物",浮钓,"苍蝇,蚯蚓,红虫",暂无路亚玩法,数值公式计算,25-40,,40-60,,,,,,@张弛,
44,小口黑鲈 （奖杯）,小口黑鲈 （奖杯）fish_smallmouth_bass,,棘臀鱼科,黑鲈属,鲈鱼,主力鱼种,经济,顶层,"水边草洞/树影,浮木,水面植物",浮钓,"蚯蚓,红虫,虾",暂无路亚玩法,数值公式计算,40-50,,40-60,,,,,,@张弛,
45,小口黑鲈 （特殊）,小口黑鲈 （特殊）fish_smallmouth_bass,,棘臀鱼科,黑鲈属,鲈鱼,"主力鱼种,稀有鱼种",价值,顶层,"水边草洞/树影,浮木,水面植物",浮钓,"虾,小龙虾,螽斯",暂无路亚玩法,数值公式计算,50-60,,40-60,,,,,,@张弛,
46,美洲条纹狼鲈 （幼年）,美洲条纹狼鲈 （幼年）fish_striped_bass,fish_striped_bass,棘臀鱼科,黑鲈属,鲈鱼,主力鱼种,收集,顶层,"水边草洞/树影,浮木,水面植物",浮钓,"蜉蝣,苍蝇,蚯蚓",暂无路亚玩法,数值公式计算,10-25,30,40-60,,,,,,@张弛,
47,美洲条纹狼鲈 （成年）,美洲条纹狼鲈 （成年）fish_striped_bass,,棘臀鱼科,黑鲈属,鲈鱼,主力鱼种,玩乐,顶层,"水边草洞/树影,浮木,水面植物",浮钓,"苍蝇,蚯蚓,红虫",暂无路亚玩法,数值公式计算,25-40,,40-60,,,,,,@张弛,
48,美洲条纹狼鲈 （奖杯）,美洲条纹狼鲈 （奖杯）fish_striped_bass,,棘臀鱼科,黑鲈属,鲈鱼,主力鱼种,经济,顶层,"水边草洞/树影,浮木,水面植物",浮钓,"蚯蚓,红虫,虾",暂无路亚玩法,数值公式计算,40-50,,40-60,,,,,,@张弛,
49,美洲条纹狼鲈 （特殊）,美洲条纹狼鲈 （特殊）fish_striped_bass,,棘臀鱼科,黑鲈属,鲈鱼,"主力鱼种,稀有鱼种",价值,顶层,"水边草洞/树影,浮木,水面植物",浮钓,"虾,小龙虾,螽斯",暂无路亚玩法,数值公式计算,50-60,,40-60,,,,,,@张弛,
50,加拿大梭鲈（幼年）,加拿大梭鲈（幼年）fish_sauger,fish_sauger,鲈科,梭鲈属,梭鲈,主力鱼种,收集,底层,"底层结构体,底层植物",浮钓,"蚯蚓,红虫,螽斯",暂无路亚玩法,数值公式计算,10-17,25,60-100,,,,,,@张弛,
51,加拿大梭鲈（成年）,加拿大梭鲈（成年）fish_sauger,,鲈科,梭鲈属,梭鲈,主力鱼种,经济,底层,"底层结构体,底层植物",浮钓,"红虫,虾,小龙虾,螽斯",暂无路亚玩法,数值公式计算,17-30,,60-100,,,,,,@张弛,
52,加拿大梭鲈（奖杯）,加拿大梭鲈（奖杯）fish_sauger,,鲈科,梭鲈属,梭鲈,主力鱼种,经济,底层,"底层结构体,底层植物",浮钓,"虾,小龙虾,螽斯,小米诺鱼",暂无路亚玩法,数值公式计算,30-40,,120-150,,,,,,@张弛,
53,加拿大梭鲈（特殊）,加拿大梭鲈（特殊）fish_sauger,,鲈科,梭鲈属,梭鲈,"主力鱼种,稀有鱼种",价值,底层,"底层结构体,底层植物",浮钓,"虾,小龙虾,小米诺鱼",暂无路亚玩法,数值公式计算,40-49,,120-150,,,,,,@张弛,
54,玻璃梭鲈（幼年）,玻璃梭鲈（幼年）fish_walleye,fish_walleye,鲈科,梭鲈属,梭鲈,主力鱼种,收集,底层,"底层结构体,底层植物",浮钓,"蚯蚓,虾",暂无路亚玩法,数值公式计算,10-30,53,30-70,,,,,,@张弛,
55,玻璃梭鲈（成年）,玻璃梭鲈（成年）fish_walleye,,鲈科,梭鲈属,梭鲈,主力鱼种,经济,底层,"底层结构体,底层植物",浮钓,"苍蝇,蚯蚓,红虫,虾",暂无路亚玩法,数值公式计算,30-50,,70-140,,,,,,@张弛,
56,玻璃梭鲈（奖杯）,玻璃梭鲈（奖杯）fish_walleye,,鲈科,梭鲈属,梭鲈,主力鱼种,经济,底层,"底层结构体,底层植物",浮钓,"红虫,虾,小龙虾,小米诺鱼",暂无路亚玩法,数值公式计算,50-80,,140-200,,,,,,@张弛,
57,玻璃梭鲈（特殊）,玻璃梭鲈（特殊）fish_walleye,,鲈科,梭鲈属,梭鲈,"主力鱼种,稀有鱼种",价值,底层,"底层结构体,底层植物",浮钓,"虾,小龙虾,小米诺鱼",暂无路亚玩法,数值公式计算,80-107,,140-200,,,,,,@张弛,
58,淡水石首鱼（幼年）,淡水石首鱼（幼年）fish_freshwater_drum,fish_freshwater_drum,石首鱼科,石首鱼属,鲈鱼,交叉鱼种,收集,底层,"底层结构体,底层植物",浮钓,"蜉蝣,蚯蚓,虾",暂无路亚玩法,数值公式计算,10-20,30,30-50,,,,,,@张弛,
59,淡水石首鱼（成年）,淡水石首鱼（成年）fish_freshwater_drum,,石首鱼科,石首鱼属,鲈鱼,交叉鱼种,玩乐,底层,"底层结构体,底层植物",浮钓,"蜉蝣,苍蝇,蚯蚓,红虫,虾",暂无路亚玩法,数值公式计算,20-40,,30-50,,,,,,@张弛,
60,淡水石首鱼（奖杯）,淡水石首鱼（奖杯）fish_freshwater_drum,,石首鱼科,石首鱼属,鲈鱼,交叉鱼种,经济,底层,"底层结构体,底层植物",浮钓,"红虫,虾,小龙虾,小米诺鱼",暂无路亚玩法,数值公式计算,40-55,,60-100,,,,,,@张弛,
61,淡水石首鱼（特殊）,淡水石首鱼（特殊）fish_freshwater_drum,,石首鱼科,石首鱼属,鲈鱼,交叉鱼种,经济,底层,"底层结构体,底层植物",浮钓,"蚯蚓,红虫,虾,小龙虾,螽斯",暂无路亚玩法,数值公式计算,55-60,,,,,,,,@张弛,
62,眼点丽鱼（传奇）,眼点丽鱼（传奇）fish_cichla_ocellaris,fish_cichla_ocellaris,丽鱼科,丽鱼属,鲈鱼,"稀有鱼种,交叉鱼种",高价值,全水层,全水域洄游,浮钓,"虾,小龙虾,螽斯,小米诺鱼",暂无路亚玩法,数值公式计算,70-85,78,,,,,,,@张弛,
63,黑鮰（幼年）,黑鮰（幼年）fish_black_bullhead_catfish,fish_black_bullhead_catfish,鲿科,鮠属,鮰鱼,交叉鱼种,收集,底层,"底层结构体,底层植物",浮钓,"蚯蚓,虾",暂无路亚玩法,数值公式计算,10-20,25,15-30,,,,,,@张弛,
64,黑鮰（成年）,黑鮰（成年）fish_black_bullhead_catfish,,鲿科,鮠属,鮰鱼,交叉鱼种,收集,底层,"底层结构体,底层植物",浮钓,"苍蝇,蚯蚓,红虫,虾",暂无路亚玩法,数值公式计算,20-30,,30-50,,,,,,@张弛,
65,黑鮰（奖杯）,黑鮰（奖杯）fish_black_bullhead_catfish,,鲿科,鮠属,鮰鱼,交叉鱼种,玩乐,底层,"底层结构体,底层植物",浮钓,"红虫,虾,小龙虾,小米诺鱼",暂无路亚玩法,数值公式计算,30-40,,30-51,,,,,,@张弛,
66,黑鮰（特殊）,黑鮰（特殊）fish_black_bullhead_catfish,,鲿科,鮠属,鮰鱼,交叉鱼种,玩乐,底层,"底层结构体,底层植物",浮钓,"虾,小龙虾,小米诺鱼",暂无路亚玩法,数值公式计算,40-50,,30-52,,,,,,@张弛,
67,铲鮰（幼年）,铲鮰（幼年）fish_flathead_catfish,fish_flathead_catfish,鲿科,鮠属,鮰鱼,交叉鱼种,收集,底层,"底层结构体,底层植物",浮钓,"苍蝇,蚯蚓",暂无路亚玩法,数值公式计算,10-40,75,15-30,,,,,,@张弛,
68,铲鮰（成年）,铲鮰（成年）fish_flathead_catfish,,鲿科,鮠属,鮰鱼,交叉鱼种,玩乐,底层,"底层结构体,底层植物",浮钓,"苍蝇,蚯蚓,红虫",暂无路亚玩法,数值公式计算,40-60,,15-30,,,,,,@张弛,
69,铲鮰（奖杯）,铲鮰（奖杯）fish_flathead_catfish,,鲿科,鮠属,鮰鱼,交叉鱼种,经济,底层,"底层结构体,底层植物",浮钓,"蚯蚓,红虫,虾,螽斯",暂无路亚玩法,数值公式计算,60-100,,15-30,,,,,,@张弛,
70,铲鮰（特殊）,铲鮰（特殊）fish_flathead_catfish,,鲿科,鮠属,鮰鱼,交叉鱼种,价值,底层,"底层结构体,底层植物",浮钓,"虾,小龙虾",暂无路亚玩法,数值公式计算,100-150,,15-30,,,,,,@张弛,
71,蓝鲶鱼（幼年）,蓝鲶鱼（幼年）fish_blue_catfish,fish_blue_catfish,鲇科,真鮰属,鮰鱼,交叉鱼种,收集,底层,"底层结构体,底层植物",浮钓,"蚯蚓,红虫,螽斯",暂无路亚玩法,数值公式计算,10-65,85,,,,,,,@张弛,
72,蓝鲶鱼（成年）,蓝鲶鱼（成年）fish_blue_catfish,,鲇科,真鮰属,鮰鱼,交叉鱼种,收集,底层,"底层结构体,底层植物",浮钓,"红虫,虾,小龙虾,螽斯",暂无路亚玩法,数值公式计算,65-115,,,,,,,,@张弛,
73,蓝鲶鱼（奖杯）,蓝鲶鱼（奖杯）fish_blue_catfish,,鲇科,真鮰属,鮰鱼,交叉鱼种,玩乐,底层,"底层结构体,底层植物",浮钓,"虾,小龙虾,螽斯,小米诺鱼",暂无路亚玩法,数值公式计算,115-160,,,,,,,,@张弛,
74,蓝鲶鱼（特殊）,蓝鲶鱼（特殊）fish_blue_catfish,,鲇科,真鮰属,鮰鱼,交叉鱼种,经济,底层,"底层结构体,底层植物",浮钓,"虾,小龙虾,小米诺鱼",暂无路亚玩法,数值公式计算,160-170,,,,,,,,@张弛,
75,云斑鮰（幼年）,云斑鮰（幼年）fish_brown_bullhead,fish_brown_bullhead,鲇科,真鮰属,鮰鱼,交叉鱼种,收集,底层,"底层结构体,底层植物",浮钓,"蚯蚓,红虫,螽斯",暂无路亚玩法,数值公式计算,10-20,22,,,,,,,@张弛,
76,云斑鮰（成年）,云斑鮰（成年）fish_brown_bullhead,,鲇科,真鮰属,鮰鱼,交叉鱼种,玩乐,底层,"底层结构体,底层植物",浮钓,"红虫,虾,小龙虾,螽斯",暂无路亚玩法,数值公式计算,20-33,,,,,,,,@张弛,
77,云斑鮰（奖杯）,云斑鮰（奖杯）fish_brown_bullhead,,鲇科,真鮰属,鮰鱼,交叉鱼种,经济,底层,"底层结构体,底层植物",浮钓,"虾,小龙虾,螽斯,小米诺鱼",暂无路亚玩法,数值公式计算,33-40,,,,,,,,@张弛,
78,云斑鮰（特殊）,云斑鮰（特殊）fish_brown_bullhead,,鲇科,真鮰属,鮰鱼,"稀有鱼种,交叉鱼种",价值,底层,"底层结构体,底层植物",浮钓,"虾,小龙虾,小米诺鱼",暂无路亚玩法,数值公式计算,40-45,,,,,,,,@张弛,
79,斑点叉尾鮰（幼年）,斑点叉尾鮰（幼年）fish_channel_catfish,fish_channel_catfish,鮰科,真鮰属,鮰鱼,交叉鱼种,收集,底层,"底层结构体,底层植物",浮钓,"蚯蚓,红虫,螽斯",暂无路亚玩法,数值公式计算,10-40,60,13,,,,,,@张弛,
80,斑点叉尾鮰（成年）,斑点叉尾鮰（成年）fish_channel_catfish,,鮰科,真鮰属,鮰鱼,交叉鱼种,玩乐,底层,"底层结构体,底层植物",浮钓,"红虫,虾,小龙虾,螽斯",暂无路亚玩法,数值公式计算,40-60,,15,,,,,,@张弛,
81,斑点叉尾鮰（奖杯）,斑点叉尾鮰（奖杯）fish_channel_catfish,,鮰科,真鮰属,鮰鱼,交叉鱼种,玩乐,底层,"底层结构体,底层植物",浮钓,"虾,小龙虾,螽斯,小米诺鱼",暂无路亚玩法,数值公式计算,60-80,,9,,,,,,@张弛,
82,斑点叉尾鮰（特殊）,斑点叉尾鮰（特殊）fish_channel_catfish,,鮰科,真鮰属,鮰鱼,稀有鱼种,经济,顶层,"底层结构体,底层植物",浮钓,"虾,小龙虾,小米诺鱼",暂无路亚玩法,数值公式计算,80-110,,9,,,,,,@张弛,
83,白化叉尾鮰（传奇）,白化叉尾鮰（传奇）fish_white_channel_catfish,fish_white_channel_catfish,鮰科,真鮰属,鮰鱼,"稀有鱼种,交叉鱼种",高价值,底层,"底层结构体,底层植物",浮钓,"鱼块,虾,小龙虾,小米诺鱼",暂无路亚玩法,数值公式计算,80-110,90,高价值,,,,,,@张弛,
84,北美狗鱼（幼年）,北美狗鱼（幼年）fish_muskellunge,fish_muskellunge,狗鱼科,狗鱼属,狗鱼,交叉鱼种,收集,中层,"水边草洞/树影,浮木,水面植物,上层结构体",浮钓,"蜉蝣,苍蝇,蚯蚓,红虫,虾",暂无路亚玩法,数值公式计算,10-60,90,40-100,,,,,,@张弛,
85,北美狗鱼（成年）,北美狗鱼（成年）fish_muskellunge,,狗鱼科,狗鱼属,狗鱼,交叉鱼种,玩乐,中层,"水边草洞/树影,浮木,水面植物,上层结构体",浮钓,"鱼块,虾,小龙虾,螽斯,小米诺鱼",暂无路亚玩法,数值公式计算,60-120,,40-100,,,,,,@张弛,
86,北美狗鱼（奖杯）,北美狗鱼（奖杯）fish_muskellunge,,狗鱼科,狗鱼属,狗鱼,交叉鱼种,经济,中层,"水边草洞/树影,浮木,水面植物,上层结构体",浮钓,"鱼块,虾,小龙虾,螽斯,小米诺鱼",暂无路亚玩法,数值公式计算,120-160,,40-100,,,,,,@张弛,
87,北美狗鱼（特殊）,北美狗鱼（特殊）fish_muskellunge,,狗鱼科,狗鱼属,狗鱼,交叉鱼种,价值,中层,"水边草洞/树影,浮木,水面植物,上层结构体",浮钓,"鱼块,虾,小龙虾,螽斯,小米诺鱼",暂无路亚玩法,数值公式计算,160-180,,40-100,,,,,,@张弛,
88,白斑狗鱼（幼年）,白斑狗鱼（幼年）fish_northern_pike,fish_northern_pike,狗鱼科,狗鱼属,狗鱼,主力鱼种,收集,中层,"水边草洞/树影,浮木,水面植物,上层结构体",浮钓,"蜉蝣,苍蝇,蚯蚓,鱼块,虾,小龙虾,螽斯,小米诺鱼",暂无路亚玩法,数值公式计算,10-60,70,,,,,,,@张弛,
89,白斑狗鱼（成年）,白斑狗鱼（成年）fish_northern_pike,,狗鱼科,狗鱼属,狗鱼,主力鱼种,玩乐,中层,"水边草洞/树影,浮木,水面植物,上层结构体",浮钓,"鱼块,虾,小龙虾,螽斯,小米诺鱼",暂无路亚玩法,数值公式计算,60-100,,,,,,,,@张弛,
90,白斑狗鱼（奖杯）,白斑狗鱼（奖杯）fish_northern_pike,,狗鱼科,狗鱼属,狗鱼,主力鱼种,经济,中层,"水边草洞/树影,浮木,水面植物,上层结构体",浮钓,"鱼块,虾,小龙虾,小米诺鱼",暂无路亚玩法,数值公式计算,100-120,,,,,,,,@张弛,
91,白斑狗鱼（特殊）,白斑狗鱼（特殊）fish_northern_pike,,狗鱼科,狗鱼属,狗鱼,主力鱼种,价值,中层,"水边草洞/树影,浮木,水面植物,上层结构体",浮钓,"鱼块,小米诺鱼",暂无路亚玩法,数值公式计算,120-140,,,,,,,,@张弛,
92,链纹狗鱼（幼年）,链纹狗鱼（幼年）fish_chain_pickerel,fish_chain_pickerel,狗鱼科,狗鱼属,狗鱼,主力鱼种,收集,中层,"水边草洞/树影,浮木,水面植物,上层结构体",浮钓,"蜉蝣,苍蝇,蚯蚓,鱼块,虾,小龙虾,螽斯,小米诺鱼",暂无路亚玩法,数值公式计算,10-30,50,,,,,,,@张弛,
93,链纹狗鱼（成年）,链纹狗鱼（成年）fish_chain_pickerel,,狗鱼科,狗鱼属,狗鱼,主力鱼种,玩乐,中层,"水边草洞/树影,浮木,水面植物,上层结构体",浮钓,"鱼块,虾,小龙虾,螽斯,小米诺鱼",暂无路亚玩法,数值公式计算,30-60,,,,,,,,@张弛,
94,链纹狗鱼（奖杯）,链纹狗鱼（奖杯）fish_chain_pickerel,,狗鱼科,狗鱼属,狗鱼,主力鱼种,经济,中层,"水边草洞/树影,浮木,水面植物,上层结构体",浮钓,"鱼块,虾,小龙虾,小米诺鱼",暂无路亚玩法,数值公式计算,60-80,,,,,,,,@张弛,
95,链纹狗鱼（特殊）,链纹狗鱼（特殊）fish_chain_pickerel,,狗鱼科,狗鱼属,狗鱼,主力鱼种,价值,中层,"水边草洞/树影,浮木,水面植物,上层结构体",浮钓,"鱼块,小米诺鱼",暂无路亚玩法,数值公式计算,80-100,,,,,,,,@张弛,
96,红鳍狗鱼（幼年）,红鳍狗鱼（幼年）fish_northern_pike,fish_Redfin_pickerel,狗鱼科,狗鱼属,狗鱼,主力鱼种,收集,中层,"水边草洞/树影,浮木,水面植物,上层结构体",浮钓,"蜉蝣,苍蝇,蚯蚓,鱼块,虾,小龙虾,螽斯,小米诺鱼",暂无路亚玩法,数值公式计算,10-30,50,,,,,,,@张弛,
97,红鳍狗鱼（成年）,红鳍狗鱼（成年）fish_northern_pike,,狗鱼科,狗鱼属,狗鱼,主力鱼种,玩乐,中层,"水边草洞/树影,浮木,水面植物,上层结构体",浮钓,"鱼块,虾,小龙虾,螽斯,小米诺鱼",暂无路亚玩法,数值公式计算,30-60,,,,,,,,@张弛,
98,红鳍狗鱼（奖杯）,红鳍狗鱼（奖杯）fish_northern_pike,,狗鱼科,狗鱼属,狗鱼,主力鱼种,经济,中层,"水边草洞/树影,浮木,水面植物,上层结构体",浮钓,"鱼块,虾,小龙虾,小米诺鱼",暂无路亚玩法,数值公式计算,60-80,,,,,,,,@张弛,
99,红鳍狗鱼（特殊）,红鳍狗鱼（特殊）fish_northern_pike,,狗鱼科,狗鱼属,狗鱼,主力鱼种,价值,中层,"水边草洞/树影,浮木,水面植物,上层结构体",浮钓,"鱼块,小米诺鱼",暂无路亚玩法,数值公式计算,80-100,,,,,,,,@张弛,
100,虹鳟（幼年）,虹鳟（幼年） fish_rainbow_trout, fish_rainbow_trout,鲑科,鲑属,鳟鱼,主力鱼种,玩乐,全水层,全水域洄游,浮钓,"蜉蝣,苍蝇,蚯蚓,红虫,鱼块,鱼子,虾,小龙虾,螽斯,小米诺鱼",暂无路亚玩法,数值公式计算,10-50,60,43-55,,,,,,@张弛,
101,虹鳟（成年）,虹鳟（成年） fish_rainbow_trout,,鲑科,鲑属,鳟鱼,主力鱼种,经济,全水层,全水域洄游,浮钓,"红虫,鱼块,鱼子,虾,小龙虾,螽斯,小米诺鱼",暂无路亚玩法,数值公式计算,50-80,,43-55,,,,,,@张弛,
102,虹鳟（奖杯）,虹鳟（奖杯） fish_rainbow_trout,,鲑科,鲑属,鳟鱼,主力鱼种,经济,全水层,全水域洄游,浮钓,"鱼块,虾,小龙虾,小米诺鱼",暂无路亚玩法,数值公式计算,80-100,,43-55,,,,,,@张弛,
103,虹鳟（特殊）,虹鳟（特殊） fish_rainbow_trout,,鲑科,鲑属,鳟鱼,"主力鱼种,稀有鱼种",价值,全水层,全水域洄游,浮钓,"鱼块,小龙虾,小米诺鱼",暂无路亚玩法,数值公式计算,100-120,,43-55,,,,,,@张弛,
104,褐鳟（幼年）,褐鳟（幼年）fish_brown_trout,fish_brown_trout,鲑科,鲑属,鳟鱼,主力鱼种,玩乐,全水层,全水域洄游,浮钓,"蜉蝣,苍蝇,蚯蚓,红虫,鱼块,鱼子,虾,小龙虾,螽斯,小米诺鱼",暂无路亚玩法,数值公式计算,10-30,40,,,,,,,@张弛,
105,褐鳟（成年）,褐鳟（成年）fish_brown_trout,,鲑科,鲑属,鳟鱼,主力鱼种,经济,全水层,全水域洄游,浮钓,"红虫,鱼块,鱼子,虾,小龙虾,螽斯,小米诺鱼",暂无路亚玩法,数值公式计算,30-60,,,,,,,,@张弛,
106,褐鳟（奖杯）,褐鳟（奖杯）fish_brown_trout,,鲑科,鲑属,鳟鱼,主力鱼种,经济,全水层,全水域洄游,浮钓,"鱼块,虾,小龙虾,小米诺鱼",暂无路亚玩法,数值公式计算,60-75,,,,,,,,@张弛,
107,褐鳟（特殊）,褐鳟（特殊）fish_brown_trout,,鲑科,鲑属,鳟鱼,主力鱼种,价值,全水层,全水域洄游,浮钓,"鱼块,小龙虾,小米诺鱼",暂无路亚玩法,数值公式计算,75-80,,,,,,,,@张弛,
108,金鳟（幼年）,金鳟（幼年）fish_golden_trout,fish_golden_trout,鲑科,鲑属,鳟鱼,主力鱼种,玩乐,全水层,全水域洄游,浮钓,"蜉蝣,苍蝇,蚯蚓,红虫,鱼块,鱼子,虾,小龙虾,螽斯,小米诺鱼",暂无路亚玩法,数值公式计算,10-50,33,60-80,,,,,,@张弛,
109,金鳟（成年）,金鳟（成年）fish_golden_trout,,鲑科,鲑属,鳟鱼,主力鱼种,经济,全水层,全水域洄游,浮钓,"红虫,鱼块,鱼子,虾,小龙虾,螽斯,小米诺鱼",暂无路亚玩法,数值公式计算,30-50,,60-80,,,,,,@张弛,
110,金鳟（奖杯）,金鳟（奖杯）fish_golden_trout,,鲑科,鲑属,鳟鱼,主力鱼种,价值,全水层,全水域洄游,浮钓,"鱼块,虾,小龙虾,小米诺鱼",暂无路亚玩法,数值公式计算,50-60,,80-100,,,,,,@张弛,
111,金鳟（特殊）,金鳟（特殊）fish_golden_trout,,鲑科,鲑属,鳟鱼,"主力鱼种,稀有鱼种",高价值,全水层,全水域洄游,浮钓,"鱼块,小龙虾,小米诺鱼",暂无路亚玩法,数值公式计算,60-65,,100-130,,,,,,@张弛,
112,硬头鳟（幼年）,硬头鳟（幼年）fish_steelhead,fish_steelhead,鲑科,鲑属,鳟鱼,主力鱼种,收集,全水层,全水域洄游,浮钓,"蜉蝣,苍蝇,蚯蚓,红虫,鱼块,鱼子,虾,小龙虾,螽斯,小米诺鱼",暂无路亚玩法,数值公式计算,10-30,40,,,,,,,@张弛,
113,硬头鳟（成年）,硬头鳟（成年）fish_steelhead,,鲑科,鲑属,鳟鱼,主力鱼种,玩乐,全水层,全水域洄游,浮钓,"红虫,鱼块,鱼子,虾,小龙虾,螽斯,小米诺鱼",暂无路亚玩法,数值公式计算,30-60,,,,,,,,@张弛,
114,硬头鳟（奖杯）,硬头鳟（奖杯）fish_steelhead,,鲑科,鲑属,鳟鱼,主力鱼种,经济,全水层,全水域洄游,浮钓,"鱼块,虾,小龙虾,小米诺鱼",暂无路亚玩法,数值公式计算,60-75,,,,,,,,@张弛,
115,硬头鳟（特殊）,硬头鳟（特殊）fish_steelhead,,鲑科,鲑属,鳟鱼,主力鱼种,价值,全水层,全水域洄游,浮钓,"鱼块,小龙虾,小米诺鱼",暂无路亚玩法,数值公式计算,75-80,,,,,,,,@张弛,
116,白马切喉鳟（传奇）,白马切喉鳟（传奇）fish_cutthroat_trout,fish_cutthroat_trout,鲑科,鲑属,鳟鱼,"主力鱼种,稀有鱼种",高价值,全水层,全水域洄游,浮钓,"鱼块,小龙虾,小米诺鱼",暂无路亚玩法,数值公式计算,60-65,63,,,,,,,@张弛,
117,美洲红点鲑（幼年）,美洲红点鲑（幼年）fish_brook_trout,fish_brook_trout,鲑科,红点鲑属,鲑鱼,主力鱼种,玩乐,全水层,全水域洄游,浮钓,"蜉蝣,苍蝇,蚯蚓,红虫,鱼块,鱼子,虾,小龙虾,螽斯,小米诺鱼",暂无路亚玩法,数值公式计算,10-30,27,50+,,,,,,@张弛,
118,美洲红点鲑（成年）,美洲红点鲑（成年）fish_brook_trout,,鲑科,红点鲑属,鲑鱼,主力鱼种,经济,全水层,全水域洄游,浮钓,"红虫,鱼块,鱼子,虾,小龙虾,螽斯,小米诺鱼",暂无路亚玩法,数值公式计算,30-40,,60-80,,,,,,@张弛,
119,美洲红点鲑（奖杯）,美洲红点鲑（奖杯）fish_brook_trout,,鲑科,红点鲑属,鲑鱼,主力鱼种,经济,全水层,全水域洄游,浮钓,"鱼块,虾,小龙虾,小米诺鱼",暂无路亚玩法,数值公式计算,40-50,,60-80,,,,,,@张弛,
120,美洲红点鲑（特殊）,美洲红点鲑（特殊）fish_brook_trout,,鲑科,红点鲑属,鲑鱼,"主力鱼种,稀有鱼种",价值,全水层,全水域洄游,浮钓,"鱼块,小龙虾,小米诺鱼",暂无路亚玩法,数值公式计算,50-55,,60-80,,,,,,@张弛,
121,丁鱥（幼年）,丁鱥（幼年）fish_tench,fish_tench,鲤科,丁鱥属,鱥鱼,交叉鱼种,收集,底层,"底层结构体,底层植物",浮钓,"蚯蚓,红虫,蜂蜜面团,面包,粗粮面包",暂无路亚玩法,数值公式计算,10-12,33,,,,,,,@张弛,
122,丁鱥（成年）,丁鱥（成年）fish_tench,,鲤科,丁鱥属,鱥鱼,交叉鱼种,玩乐,底层,"底层结构体,底层植物",浮钓,"蚯蚓,红虫,玉米,蜂蜜面团,种子,面包,粗粮面包",暂无路亚玩法,数值公式计算,12-40,,32-50,,,,,,@张弛,
123,丁鱥（奖杯）,丁鱥（奖杯）fish_tench,,鲤科,丁鱥属,鱥鱼,交叉鱼种,经济,底层,"底层结构体,底层植物",浮钓,"蚯蚓,红虫,玉米,蜂蜜面团,螽斯",暂无路亚玩法,数值公式计算,40-50,,50-60,,,,,,@张弛,
124,丁鱥（特殊）,丁鱥（特殊）fish_tench,,鲤科,丁鱥属,鱥鱼,"稀有鱼种,交叉鱼种",价值,底层,"底层结构体,底层植物",浮钓,"蚯蚓,红虫,玉米,蜂蜜面团,虾,小米诺鱼",暂无路亚玩法,数值公式计算,50-66,,50-60,,,,,,@张弛,
125,小须美鱥（幼年）,小须美鱥（幼年）fish_river_chub,fish_river_chub,鲤科,美鱥属,鱥鱼,交叉鱼种,收集,全水层,全水域洄游,浮钓,"蚯蚓,玉米,蜂蜜面团,面包,粗粮面包",暂无路亚玩法,数值公式计算,10-12,10,,,,,,,@张弛,
126,小须美鱥（成年）,小须美鱥（成年）fish_river_chub,,鲤科,美鱥属,鱥鱼,交叉鱼种,收集,全水层,全水域洄游,浮钓,"蜉蝣,苍蝇,蚯蚓,红虫,玉米,蜂蜜面团,面包,粗粮面包",暂无路亚玩法,数值公式计算,12-15,,,,,,,,@张弛,
127,小须美鱥（奖杯）,小须美鱥（奖杯）fish_river_chub,,鲤科,美鱥属,鱥鱼,交叉鱼种,玩乐,全水层,全水域洄游,浮钓,"蜉蝣,苍蝇,蚯蚓,红虫,玉米",暂无路亚玩法,数值公式计算,15-17,,,,,,,,@张弛,
128,小须美鱥（特殊）,小须美鱥（特殊）fish_river_chub,,鲤科,美鱥属,鱥鱼,"稀有鱼种,交叉鱼种",经济,全水层,全水域洄游,浮钓,"蜉蝣,苍蝇,蚯蚓,红虫",暂无路亚玩法,数值公式计算,17-20,,,,,,,,@张弛,
129,双点美鱥（幼年）,双点美鱥（幼年）fish_hornyhead_chub,fish_hornyhead_chub,鲤科,美鱥属,鱥鱼,交叉鱼种,收集,全水层,全水域洄游,浮钓,"蚯蚓,玉米,蜂蜜面团,面包,粗粮面包",暂无路亚玩法,数值公式计算,10-12,10,,,,,,,@张弛,
130,双点美鱥（成年）,双点美鱥（成年）fish_hornyhead_chub,,鲤科,美鱥属,鱥鱼,交叉鱼种,收集,全水层,全水域洄游,浮钓,"蜉蝣,苍蝇,蚯蚓,红虫,玉米,蜂蜜面团,面包,粗粮面包",暂无路亚玩法,数值公式计算,12-15,,,,,,,,@张弛,
131,双点美鱥（奖杯）,双点美鱥（奖杯）fish_hornyhead_chub,,鲤科,美鱥属,鱥鱼,交叉鱼种,玩乐,全水层,全水域洄游,浮钓,"蜉蝣,苍蝇,蚯蚓,红虫,玉米",暂无路亚玩法,数值公式计算,15-17,,,,,,,,@张弛,
132,双点美鱥（特殊）,双点美鱥（特殊）fish_hornyhead_chub,,鲤科,美鱥属,鱥鱼,"稀有鱼种,交叉鱼种",经济,全水层,全水域洄游,浮钓,"蜉蝣,苍蝇,蚯蚓,红虫",暂无路亚玩法,数值公式计算,17-20,,,,,,,,@张弛,
133,露仙美鱥（传奇),露仙美鱥（传奇)fish_tennessee_shiner,fish_tennessee_shiner,鲤科,美鱥属,鱥鱼,"稀有鱼种,交叉鱼种",高价值,全水层,全水域洄游,浮钓,"蜉蝣,苍蝇,蚯蚓,红虫",暂无路亚玩法,数值公式计算,17-20,17,,,,,,,@张弛,
134,短吻鲟（幼年）,短吻鲟（幼年）fish_shortnose_sturgeon,fish_shortnose_sturgeon,鲟科,鲟属,鲟鱼,主力鱼种,玩乐,全水层,全水域洄游,浮钓,"蜉蝣,苍蝇,蚯蚓,红虫,虾,小龙虾,小米诺鱼",暂无路亚玩法,数值公式计算,14-30,67,？？？,,,,,,@张弛,
135,短吻鲟（成年）fish_shortnose_sturgeon,短吻鲟（成年）fish_shortnose_sturgeon,,鲟科,鲟属,鲟鱼,主力鱼种,经济,全水层,全水域洄游,浮钓,"蚯蚓,红虫,虾,小龙虾,小米诺鱼",暂无路亚玩法,数值公式计算,30-80,,,,,,,,@张弛,
136,短吻鲟（奖杯）,短吻鲟（奖杯）fish_shortnose_sturgeon,,鲟科,鲟属,鲟鱼,主力鱼种,价值,全水层,全水域洄游,浮钓,"红虫,虾,小龙虾,螽斯,小米诺鱼",暂无路亚玩法,数值公式计算,80-120,,,,,,,,@张弛,
137,短吻鲟（特殊）,短吻鲟（特殊）fish_shortnose_sturgeon,,鲟科,鲟属,鲟鱼,"主力鱼种,稀有鱼种",高价值,全水层,全水域洄游,浮钓,"虾,小龙虾,螽斯,小米诺鱼",暂无路亚玩法,数值公式计算,120-135,,,,,,,,@张弛,
138,尖吻鲟（幼年）,尖吻鲟（幼年）fish_atlantic_sturgeon,fish_atlantic_sturgeon,鲟科,鲟属,鲟鱼,主力鱼种,收集,全水层,全水域洄游,浮钓,"蜉蝣,苍蝇,蚯蚓,红虫,虾,小龙虾,小米诺鱼",暂无路亚玩法,数值公式计算,10-100,325,,,,,,,@张弛,
139,尖吻鲟（成年）fish_atlantic_sturgeon,尖吻鲟（成年）fish_atlantic_sturgeon,,鲟科,鲟属,鲟鱼,主力鱼种,玩乐,全水层,全水域洄游,浮钓,"蚯蚓,红虫,虾,小龙虾,小米诺鱼",暂无路亚玩法,数值公式计算,100-600,,,,,,,,@张弛,
140,尖吻鲟（奖杯）,尖吻鲟（奖杯）fish_atlantic_sturgeon,,鲟科,鲟属,鲟鱼,主力鱼种,经济,全水层,全水域洄游,浮钓,"红虫,虾,小龙虾,螽斯,小米诺鱼",暂无路亚玩法,数值公式计算,600-700,,,,,,,,@张弛,
141,尖吻鲟（特殊）,尖吻鲟（特殊）fish_atlantic_sturgeon,,鲟科,鲟属,鲟鱼,主力鱼种,价值,全水层,全水域洄游,浮钓,"虾,小龙虾,螽斯,小米诺鱼",暂无路亚玩法,数值公式计算,700-750,,,,,,,,@张弛,
142,高首鲟（幼年）,高首鲟（幼年）fish_white_sturgeon01,fish_white_sturgeon01,鲟科,鲟属,鲟鱼,主力鱼种,收集,全水层,全水域洄游,浮钓,"蜉蝣,苍蝇,蚯蚓,红虫,虾,小龙虾,小米诺鱼",暂无路亚玩法,数值公式计算,10-100,245,,,,,,,@张弛,
143,高首鲟（成年）,高首鲟（成年）fish_white_sturgeon01,,鲟科,鲟属,鲟鱼,主力鱼种,玩乐,全水层,全水域洄游,浮钓,"蚯蚓,红虫,虾,小龙虾,小米诺鱼",暂无路亚玩法,数值公式计算,100-430,,,,,,,,@张弛,
144,高首鲟（奖杯）,高首鲟（奖杯）fish_white_sturgeon01,,鲟科,鲟属,鲟鱼,主力鱼种,经济,全水层,全水域洄游,浮钓,"红虫,虾,小龙虾,螽斯,小米诺鱼",暂无路亚玩法,数值公式计算,430-450,,,,,,,,@张弛,
145,高首鲟（特殊）,高首鲟（特殊）fish_white_sturgeon01,,鲟科,鲟属,鲟鱼,"主力鱼种,稀有鱼种",价值,全水层,全水域洄游,浮钓,"虾,小龙虾,螽斯,小米诺鱼",暂无路亚玩法,数值公式计算,450-490,,,,,,,,@张弛,
146,白化高首鲟（传奇）,白化高首鲟（传奇）fish_white_sturgeon02,fish_white_sturgeon02,鲟科,鲟属,鲟鱼,"主力鱼种,稀有鱼种",高价值,全水层,全水域洄游,浮钓,"虾,小龙虾,螽斯,小米诺鱼",暂无路亚玩法,数值公式计算,450-490,470,,,,,,,@张弛,
147,鸭嘴鲟（传奇）,鸭嘴鲟（传奇）fish_american_paddlefish,fish_american_paddlefish,鲟科,鲟属,鲟鱼,"主力鱼种,稀有鱼种",高价值,全水层,全水域洄游,浮钓,"虾,小龙虾,螽斯,小米诺鱼",暂无路亚玩法,数值公式计算,200-250,225,,,,,,,@张弛,
148,水牛鱼（幼年）,水牛鱼（幼年）fish_buffalo,fish_buffalo,亚口鱼科,牛胭脂鱼属,牛胭脂鱼,交叉鱼种,收集,底层,"底层结构体,底层植物",浮钓,"玉米,蜂蜜面团,面包,粗粮面包",暂无路亚玩法,数值公式计算,10-30,60,30-40,,,,,,@张弛,
149,水牛鱼（成年）,水牛鱼（成年）fish_buffalo,,亚口鱼科,牛胭脂鱼属,牛胭脂鱼,交叉鱼种,收集,底层,"底层结构体,底层植物",浮钓,"蚯蚓,红虫,玉米,虾,面包",暂无路亚玩法,数值公式计算,30-50,,40-60,,,,,,@张弛,
150,水牛鱼（奖杯）,水牛鱼（奖杯）fish_buffalo,,亚口鱼科,牛胭脂鱼属,牛胭脂鱼,交叉鱼种,玩乐,底层,"底层结构体,底层植物",浮钓,"红虫,玉米,蜂蜜面团,种子,虾,螽斯",暂无路亚玩法,数值公式计算,50-70,,40-60,,,,,,@张弛,
151,水牛鱼（特殊）,水牛鱼（特殊）fish_buffalo,,亚口鱼科,牛胭脂鱼属,牛胭脂鱼,交叉鱼种,玩乐,底层,"底层结构体,底层植物",浮钓,"蚯蚓,红虫,种子,虾,小龙虾,螽斯",暂无路亚玩法,数值公式计算,70-120,,60-70,,,,,,@张弛,
152,大口牛胭脂鱼（幼年）,大口牛胭脂鱼（幼年）fish_bigmouth_buffalo,fish_bigmouth_buffalo,亚口鱼科,牛胭脂鱼属,牛胭脂鱼,交叉鱼种,收集,底层,"底层结构体,底层植物",浮钓,"玉米,蜂蜜面团,面包,粗粮面包",暂无路亚玩法,数值公式计算,10-50,50,？？？,,,,,,@张弛,
153,大口牛胭脂鱼（成年）,大口牛胭脂鱼（成年）fish_bigmouth_buffalo,,亚口鱼科,牛胭脂鱼属,牛胭脂鱼,交叉鱼种,收集,底层,"底层结构体,底层植物",浮钓,"蜉蝣,苍蝇,蚯蚓,玉米,蜂蜜面团,面包,粗粮面包",暂无路亚玩法,数值公式计算,50-80,,40-60,,,,,,@张弛,
154,大口牛胭脂鱼（奖杯）,大口牛胭脂鱼（奖杯）fish_bigmouth_buffalo,,亚口鱼科,牛胭脂鱼属,牛胭脂鱼,交叉鱼种,玩乐,底层,"底层结构体,底层植物",浮钓,"蜉蝣,苍蝇,蚯蚓,玉米",暂无路亚玩法,数值公式计算,80-90,,40-60,,,,,,@张弛,
155,大口牛胭脂鱼（特殊）,大口牛胭脂鱼（特殊）fish_bigmouth_buffalo,,亚口鱼科,牛胭脂鱼属,牛胭脂鱼,"稀有鱼种,交叉鱼种",经济,底层,"底层结构体,底层植物",浮钓,"蜉蝣,苍蝇,蚯蚓,红虫,玉米,虾,螽斯",暂无路亚玩法,数值公式计算,90-100,,40-60,,,,,,@张弛,
156,黑牛胭脂鱼（传奇）,黑牛胭脂鱼（传奇）fish_black_buffalo,fish_black_buffalo,亚口鱼科,牛胭脂鱼属,牛胭脂鱼,"稀有鱼种,交叉鱼种",价值,底层,"底层结构体,底层植物",浮钓,"蜉蝣,苍蝇,蚯蚓,红虫,玉米,虾,螽斯",暂无路亚玩法,数值公式计算,90-100,95,？？？,,,,,,@张弛,
157,灰西鲱（幼年）,灰西鲱（幼年）fish_alewife,fish_alewife,鲱科,西鲱属,鲱鱼,交叉鱼种,收集,全水层,全水域洄游,浮钓,"蚯蚓,红虫,螽斯",暂无路亚玩法,数值公式计算,10-20,22,,,,,,,@张弛,
158,灰西鲱（成年）,灰西鲱（成年）fish_alewife,,鲱科,西鲱属,鲱鱼,交叉鱼种,收集,全水层,全水域洄游,浮钓,"红虫,虾,小龙虾,螽斯",暂无路亚玩法,数值公式计算,20-35,,,,,,,,@张弛,
159,灰西鲱（奖杯）,灰西鲱（奖杯）fish_alewife,,鲱科,西鲱属,鲱鱼,交叉鱼种,玩乐,全水层,全水域洄游,浮钓,"虾,小龙虾,螽斯,小米诺鱼",暂无路亚玩法,数值公式计算,35-40,,,,,,,,@张弛,
160,灰西鲱（特殊）,灰西鲱（特殊）fish_alewife,,鲱科,西鲱属,鲱鱼,交叉鱼种,玩乐,全水层,全水域洄游,浮钓,"虾,小龙虾,小米诺鱼",暂无路亚玩法,数值公式计算,40-45,,,,,,,,@张弛,
161,黑尾沙丁鱼（幼年）,黑尾沙丁鱼（幼年）fish_blacktail_shiner,fish_blacktail_shiner,鲱科,沙丁鱼属,沙丁鱼,交叉鱼种,收集,中层,全水域洄游,浮钓,"玉米,蜂蜜面团,种子,面包,粗粮面包",暂无路亚玩法,数值公式计算,10-12,15,10-30,,,,,,@张弛,
162,黑尾沙丁鱼（成年）,黑尾沙丁鱼（成年）fish_blacktail_shiner,,鲱科,沙丁鱼属,沙丁鱼,交叉鱼种,收集,中层,全水域洄游,浮钓,"玉米,蜂蜜面团,种子,面包",暂无路亚玩法,数值公式计算,12-20,,10-31,,,,,,@张弛,
163,黑尾沙丁鱼（奖杯）,黑尾沙丁鱼（奖杯）fish_blacktail_shiner,,鲱科,沙丁鱼属,沙丁鱼,交叉鱼种,玩乐,中层,全水域洄游,浮钓,"蜉蝣,玉米,蜂蜜面团,种子",暂无路亚玩法,数值公式计算,20-25,,10-32,,,,,,@张弛,
164,黑尾沙丁鱼（特殊）,黑尾沙丁鱼（特殊）fish_blacktail_shiner,,鲱科,沙丁鱼属,沙丁鱼,交叉鱼种,玩乐,中层,全水域洄游,浮钓,"蜉蝣,玉米,蜂蜜面团,种子",暂无路亚玩法,数值公式计算,25-30,,10-33,,,,,,@张弛,
165,美洲西鲱（幼年）,美洲西鲱（幼年）fish_american_shad,fish_american_shad,鲱科,西鲱属,鲱鱼,交叉鱼种,收集,中层,全水域洄游,浮钓,"玉米,蜂蜜面团,种子,面包,粗粮面包",暂无路亚玩法,数值公式计算,10-12,20,,,,,,,@张弛,
166,美洲西鲱（成年）,美洲西鲱（成年）fish_american_shad,,鲱科,西鲱属,鲱鱼,交叉鱼种,收集,中层,全水域洄游,浮钓,"玉米,蜂蜜面团,种子,面包",暂无路亚玩法,数值公式计算,12-20,,,,,,,,@张弛,
167,美洲西鲱（奖杯）,美洲西鲱（奖杯）fish_american_shad,,鲱科,西鲱属,鲱鱼,交叉鱼种,玩乐,中层,全水域洄游,浮钓,"蜉蝣,玉米,蜂蜜面团,种子",暂无路亚玩法,数值公式计算,20-25,,,,,,,,@张弛,
168,美洲西鲱（特殊）,美洲西鲱（特殊）fish_american_shad,,鲱科,西鲱属,鲱鱼,交叉鱼种,玩乐,中层,全水域洄游,浮钓,"蜉蝣,玉米,蜂蜜面团,种子",暂无路亚玩法,数值公式计算,25-40,,,,,,,,@张弛,
169,鳄雀鳝（幼年）,鳄雀鳝（幼年）fish_alligator_gar,fish_alligator_gar,雀鳝科,大雀鳝属,雀鳝鱼,主力鱼种,收集,全水层,全水域洄游,浮钓,"红虫,鱼块,鱼子,虾,小龙虾,螽斯",暂无路亚玩法,数值公式计算,10-100,155,,,,,,,@张弛,
170,鳄雀鳝（成年）,鳄雀鳝（成年）fish_alligator_gar,,雀鳝科,大雀鳝属,雀鳝鱼,主力鱼种,收集,全水层,全水域洄游,浮钓,"红虫,鱼块,鱼子,虾,小龙虾,螽斯,小米诺鱼",暂无路亚玩法,数值公式计算,100-200,,,,,,,,@张弛,
171,鳄雀鳝（奖杯）,鳄雀鳝（奖杯）fish_alligator_gar,,雀鳝科,大雀鳝属,雀鳝鱼,"主力鱼种,稀有鱼种",玩乐,全水层,全水域洄游,浮钓,"鱼块,虾,小龙虾,螽斯,小米诺鱼",暂无路亚玩法,数值公式计算,200-250,,,,,,,,@张弛,
172,鳄雀鳝（特殊）,鳄雀鳝（特殊）fish_alligator_gar,,雀鳝科,大雀鳝属,雀鳝鱼,"主力鱼种,稀有鱼种",经济,全水层,全水域洄游,浮钓,"鱼块,虾,小龙虾,小米诺鱼",暂无路亚玩法,数值公式计算,250-310,,,,,,,,@张弛,
173,白金火箭（传奇）,白金火箭（传奇）fish_white_alligator_gar,fish_white_alligator_gar,雀鳝科,大雀鳝属,雀鳝鱼,"主力鱼种,稀有鱼种",高价值,全水层,全水域洄游,浮钓,"鱼块,虾,小龙虾,小米诺鱼",暂无路亚玩法,数值公式计算,250-310,280,,,,,,,@张弛,
174,斑点雀鳝（幼年）,斑点雀鳝（幼年）fish_spotted_gar ,fish_spotted_gar ,雀鳝科,雀鳝属,雀鳝鱼,主力鱼种,收集,全水层,全水域洄游,浮钓,"红虫,鱼块,鱼子,虾,小龙虾,螽斯",暂无路亚玩法,数值公式计算,10-80,90,,,,,,,@张弛,
175,斑点雀鳝（成年）,斑点雀鳝（成年）fish_spotted_gar ,,雀鳝科,雀鳝属,雀鳝鱼,主力鱼种,收集,全水层,全水域洄游,浮钓,"红虫,鱼块,鱼子,虾,小龙虾,螽斯,小米诺鱼",暂无路亚玩法,数值公式计算,80-100,,,,,,,,@张弛,
176,斑点雀鳝（奖杯）,斑点雀鳝（奖杯）fish_spotted_gar ,,雀鳝科,雀鳝属,雀鳝鱼,主力鱼种,玩乐,全水层,全水域洄游,浮钓,"鱼块,虾,小龙虾,螽斯,小米诺鱼",暂无路亚玩法,数值公式计算,100-150,,,,,,,,@张弛,
177,斑点雀鳝（特殊）,斑点雀鳝（特殊）fish_spotted_gar ,,雀鳝科,雀鳝属,雀鳝鱼,主力鱼种,经济,全水层,全水域洄游,浮钓,"鱼块,虾,小龙虾,小米诺鱼",暂无路亚玩法,数值公式计算,150-180,,,,,,,,@张弛,
178,佛罗里达雀鳝（幼年）,佛罗里达雀鳝（幼年）fish_florida_gar,fish_florida_gar,雀鳝科,雀鳝属,雀鳝鱼,主力鱼种,收集,全水层,全水域洄游,浮钓,"红虫,鱼块,鱼子,虾,小龙虾,螽斯",暂无路亚玩法,数值公式计算,0-100,67,,,,,,,@张弛,
179,佛罗里达雀鳝（成年）,佛罗里达雀鳝（成年）fish_florida_gar,,雀鳝科,雀鳝属,雀鳝鱼,主力鱼种,玩乐,全水层,全水域洄游,浮钓,"红虫,鱼块,鱼子,虾,小龙虾,螽斯,小米诺鱼",暂无路亚玩法,数值公式计算,50-80,,,,,,,,@张弛,
180,佛罗里达雀鳝（奖杯）,佛罗里达雀鳝（奖杯）fish_florida_gar,,雀鳝科,雀鳝属,雀鳝鱼,主力鱼种,经济,全水层,全水域洄游,浮钓,"鱼块,虾,小龙虾,螽斯,小米诺鱼",暂无路亚玩法,数值公式计算,80-100,,,,,,,,@张弛,
181,佛罗里达雀鳝（特殊）,佛罗里达雀鳝（特殊）fish_florida_gar,,雀鳝科,雀鳝属,雀鳝鱼,"主力鱼种,稀有鱼种",价值,全水层,全水域洄游,浮钓,"鱼块,虾,小龙虾,小米诺鱼",暂无路亚玩法,数值公式计算,100-133,,,,,,,,@张弛,
182,臼齿鱼（传奇）,臼齿鱼（传奇）fish_hardhead,fish_hardhead,鲤科,臼齿鱼属,臼齿鱼,"稀有鱼种,交叉鱼种",高价值,底层,"底层结构体,底层植物",浮钓,"鱼块,虾,小龙虾,小米诺鱼",暂无路亚玩法,数值公式计算,30-60,45,,,,,,,@张弛,
183,美洲锐唇鲷（传奇）,美洲锐唇鲷（传奇）fish_chiselmouth,fish_chiselmouth,鲤科,锐唇鲷属,锐唇鲷,"稀有鱼种,交叉鱼种",高价值,底层,"底层结构体,底层植物",浮钓,"蜉蝣,红虫,鱼子,虾,小龙虾,螽斯",暂无路亚玩法,数值公式计算,30-45,40,,,,,,,@张弛,
184,长背亚口鱼（幼年）,长背亚口鱼（幼年）fish_blue_sucker,fish_blue_sucker,亚口鱼科,长背亚口鱼属,亚口鱼,交叉鱼种,收集,底层,"底层结构体,底层植物",浮钓,"苍蝇,蚯蚓,玉米,蜂蜜面团,种子,面包,粗粮面包",暂无路亚玩法,数值公式计算,10-30,37,,,,,,,@张弛,
185,长背亚口鱼（成年）,长背亚口鱼（成年）fish_blue_sucker,,亚口鱼科,长背亚口鱼属,亚口鱼,交叉鱼种,玩乐,底层,"底层结构体,底层植物",浮钓,"苍蝇,蚯蚓,蜂蜜面团,面包,粗粮面包",暂无路亚玩法,数值公式计算,30-60,,,,,,,,@张弛,
186,长背亚口鱼（奖杯）,长背亚口鱼（奖杯）fish_blue_sucker,,亚口鱼科,长背亚口鱼属,亚口鱼,交叉鱼种,经济,底层,"底层结构体,底层植物",浮钓,"苍蝇,蚯蚓,玉米,蜂蜜面团,种子",暂无路亚玩法,数值公式计算,60-70,,,,,,,,@张弛,
187,长背亚口鱼（特殊）,长背亚口鱼（特殊）fish_blue_sucker,,亚口鱼科,长背亚口鱼属,亚口鱼,"稀有鱼种,交叉鱼种",价值,底层,"底层结构体,底层植物",浮钓,"蜉蝣,红虫,鱼子,虾,小龙虾,螽斯",暂无路亚玩法,数值公式计算,70-75,,,,,,,,@张弛,
188,白亚口鱼（传奇）,白亚口鱼（传奇）fish_yaqui_sucker,fish_yaqui_sucker,亚口鱼科,亚口鱼属,亚口鱼,交叉鱼种,高价值,底层,"底层结构体,底层植物",浮钓,"蜉蝣,红虫,鱼子,虾,小龙虾,螽斯",暂无路亚玩法,数值公式计算,50-60,30,,,,,,,@张弛,
189,弓鳍鱼（幼年）,弓鳍鱼（幼年）fish_bowfin,fish_bowfin,弓鳍鱼科,弓鳍鱼属,弓鳍鱼,交叉鱼种,收集,中层,"水边草洞/树影,浮木,水面植物,上层结构体",浮钓,"蜉蝣,苍蝇,蚯蚓",暂无路亚玩法,数值公式计算,10-30,60,880+,,,,,,@张弛,
190,弓鳍鱼（成年）,弓鳍鱼（成年）fish_bowfin,,弓鳍鱼科,弓鳍鱼属,弓鳍鱼,交叉鱼种,经济,中层,"水边草洞/树影,浮木,水面植物,上层结构体",浮钓,"红虫,虾,小龙虾,螽斯",暂无路亚玩法,数值公式计算,30-70,,1000+,,,,,,@张弛,
191,弓鳍鱼（奖杯）,弓鳍鱼（奖杯）fish_bowfin,,弓鳍鱼科,弓鳍鱼属,弓鳍鱼,"稀有鱼种,交叉鱼种",价值,中层,"水边草洞/树影,浮木,水面植物,上层结构体",浮钓,"鱼块,虾,小龙虾,小米诺鱼",暂无路亚玩法,数值公式计算,70-90,,2000+,,,,,,@张弛,
192,弓鳍鱼（特殊）,弓鳍鱼（特殊）fish_bowfin,,弓鳍鱼科,弓鳍鱼属,弓鳍鱼,"稀有鱼种,交叉鱼种",高价值,中层,"水边草洞/树影,浮木,水面植物,上层结构体",浮钓,"鱼块,虾,小龙虾,螽斯,小米诺鱼",暂无路亚玩法,数值公式计算,90-110,,3000+,,,,,,@张弛,
193,七鳃鳗（幼年）,七鳃鳗（幼年）fish_petromyzontidae,fish_petromyzontidae,七鳃鳗目,七鳃鳗属,鳗鱼,交叉鱼种,收集,全水层,全水域洄游,浮钓,"鱼块,虾,小龙虾,螽斯",暂无路亚玩法,数值公式计算,10-13,25,,,,,,,@张弛,
194,七鳃鳗（成年）,七鳃鳗（成年）fish_petromyzontidae,,七鳃鳗目,七鳃鳗属,鳗鱼,交叉鱼种,收集,全水层,全水域洄游,浮钓,"蜉蝣,苍蝇,蚯蚓,红虫,鱼块,虾,小龙虾,螽斯,小米诺鱼",暂无路亚玩法,数值公式计算,13-32,,,,,,,,@张弛,
195,七鳃鳗（奖杯）,七鳃鳗（奖杯）fish_petromyzontidae,,七鳃鳗目,七鳃鳗属,鳗鱼,交叉鱼种,经济,全水层,全水域洄游,浮钓,"红虫,鱼块,虾,小龙虾,螽斯,小米诺鱼",暂无路亚玩法,数值公式计算,32-40,,,,,,,,@张弛,
196,七鳃鳗（特殊）,七鳃鳗（特殊）fish_petromyzontidae,,七鳃鳗目,七鳃鳗属,鳗鱼,交叉鱼种,价值,全水层,全水域洄游,浮钓,"鱼块,虾,小龙虾,小米诺鱼",暂无路亚玩法,数值公式计算,40-50,,,,,,,,@张弛,
197,美洲鳗鲡（幼年）,美洲鳗鲡（幼年）fish_american_eel,fish_american_eel,鳗鲡科,鳗鲡属,鳗鲡鱼,交叉鱼种,收集,底层,"底层结构体,底层植物",浮钓,"蜉蝣,苍蝇,蚯蚓,玉米,蜂蜜面团,面包,粗粮面包",暂无路亚玩法,数值公式计算,10-80,80,,,,,,,@张弛,
198,美洲鳗鲡（成年）,美洲鳗鲡（成年）fish_american_eel,,鳗鲡科,鳗鲡属,鳗鲡鱼,交叉鱼种,玩乐,底层,"底层结构体,底层植物",浮钓,"蜉蝣,苍蝇,蚯蚓,红虫,玉米,蜂蜜面团,虾,小龙虾",暂无路亚玩法,数值公式计算,80-130,,,,,,,,@张弛,
199,美洲鳗鲡（奖杯）,美洲鳗鲡（奖杯）fish_american_eel,,鳗鲡科,鳗鲡属,鳗鲡鱼,交叉鱼种,经济,底层,"底层结构体,底层植物",浮钓,"蜉蝣,苍蝇,蚯蚓,红虫,玉米,虾,螽斯",暂无路亚玩法,数值公式计算,130-150,,,,,,,,@张弛,
200,美洲鳗鲡（特殊）,美洲鳗鲡（特殊）fish_american_eel,,鳗鲡科,鳗鲡属,鳗鲡鱼,交叉鱼种,价值,底层,"底层结构体,底层植物",浮钓,"蜉蝣,苍蝇,蚯蚓,红虫,玉米,螽斯,小米诺鱼",暂无路亚玩法,数值公式计算,150-160,,,,,,,,@张弛,
201,美鳊（幼年）,美鳊（幼年）fish_common_shiner,fish_common_shiner,鲤科,美鳊属,鳊鱼,交叉鱼种,收集,全水层,全水域洄游,浮钓,"苍蝇,蚯蚓,玉米,蜂蜜面团,种子,面包,粗粮面包",暂无路亚玩法,数值公式计算,10-12,15,,,,,,,@张弛,
202,美鳊（成年）,美鳊（成年）fish_common_shiner,,鲤科,美鳊属,鳊鱼,交叉鱼种,收集,全水层,全水域洄游,浮钓,"苍蝇,蚯蚓,蜂蜜面团,面包,粗粮面包",暂无路亚玩法,数值公式计算,12-20,,,,,,,,@张弛,
203,美鳊（奖杯）,美鳊（奖杯）fish_common_shiner,,鲤科,美鳊属,鳊鱼,交叉鱼种,玩乐,全水层,全水域洄游,浮钓,"苍蝇,蚯蚓,玉米,蜂蜜面团,种子",暂无路亚玩法,数值公式计算,20-25,,,,,,,,@张弛,
204,美鳊（特殊）,美鳊（特殊）fish_common_shiner,,鲤科,美鳊属,鳊鱼,交叉鱼种,玩乐,全水层,全水域洄游,浮钓,"蜉蝣,红虫,鱼子,虾,小龙虾,螽斯",暂无路亚玩法,数值公式计算,25-30,,,,,,,,@张弛,
205,金体美鳊（传奇）,金体美鳊（传奇）fish_golden_shiner,fish_golden_shiner,鲤科,美鳊属,鳊鱼,"稀有鱼种,交叉鱼种",价值,全水层,全水域洄游,浮钓,"蜉蝣,红虫,鱼子,虾,小龙虾,螽斯",暂无路亚玩法,数值公式计算,25-30,27,,,,,,,@张弛,
206,美国红鱼（传奇）,美国红鱼（传奇）fish_red_drum,fish_red_drum,石首鱼科,拟石首鱼属,石首鱼,"稀有鱼种,交叉鱼种",高价值,全水层,全水域洄游,浮钓,"蜉蝣,苍蝇,蚯蚓,红虫,虾,小龙虾,螽斯,面包,小米诺鱼",暂无路亚玩法,数值公式计算,60-90,75,,,,,,,,
